I_eff X,I_eff Y
0,0.002881908604589698
0.05,0.002886163812604498
0.1,0.002899103538277284
0.15,0.002921247724508795
0.2,0.002953434254886549
0.25,0.002996684392765094
0.3,0.003051765850141941
0.35,0.003118080999432178
0.4,0.003191307496127379
0.45,0.003259010372521951
0.5,0.003301283973635665
