kc_eff X,kc_eff Y
0,4.940901173342133e-11
0.05,4.897580933761472e-11
0.1,4.795163431922574e-11
0.15,4.685523355277105e-11
0.2,4.59230127023529e-11
0.25,4.50409259529175e-11
0.3,4.407796336159662e-11
0.35,4.304652013546681e-11
0.4,4.178237505221559e-11
0.45,4.020590580053047e-11
0.5,3.895249769087879e-11
