kgm_11 X,kgm_11 Y
0,2.523660576776832
0.05,2.596976849500488
0.1,2.676931526652957
0.15,2.764239424923615
0.2,2.856248385208409
0.25,2.962038994234285
0.3,3.077845202605553
0.35,3.205060926948922
0.4,3.345329214274214
0.45,3.500595277747045
0.5,3.673172206714921
