kgm_eff X,kgm_eff Y
0,18.18242773140476
0.05,17.83089642090546
0.1,16.83253888333252
0.15,15.36386946170205
0.2,13.70337181349957
0.25,12.11492118549323
0.3,10.70020172618059
0.35,9.394459499068063
0.4,7.976953067275078
0.45,6.495117771857025
