kgm_14 X,kgm_14 Y
0,0.9598029624394081
0.05,0.9363544778499469
0.1,0.9141588245247364
0.15,0.8927785096986698
0.2,0.8729705384957602
0.25,0.8541314739335076
0.3,0.8362926319849218
0.35,0.8191502883009805
0.4,0.8029126441903255
0.45,0.7874528583638284
