t_integ X,t_integ Y
5.000000000000001e-15,8.296557137277731e-11
1e-14,8.692673705469815e-11
1.5e-14,9.063127562613753e-11
2e-14,9.46991669509973e-11
2.5e-14,9.860921265625553e-11
3e-14,1.024004361052122e-10
3.5e-14,1.061827182122709e-10
4.000000000000001e-14,1.103120338284086e-10
4.5e-14,1.140945702742401e-10
5e-14,1.177367788257618e-10
