(VDC("/net7") - VDC("/net5")) X,(VDC("/net7") - VDC("/net5")) Y
0,1.210187496402903
0.05,1.191526474285322
0.1,1.172281602835819
0.15,1.152971939910323
0.2,1.132412617953252
0.25,1.111352896623921
0.3,1.089647609683174
0.35,1.067686033130617
0.4,1.045055219556248
0.45,1.021876397057593
