(VDC("/net7") - VDC("/net5")) X,(VDC("/net7") - VDC("/net5")) Y
0,1.33312042347934
0.05,1.308860434716971
0.1,1.284079680488107
0.15,1.258788246007138
0.2,1.233497296399874
0.25,1.207019928916261
0.3,1.180106387534035
0.35,1.152743043947652
0.4,1.124915105907332
0.45,1.096606371102439
0.5,1.067798914596534
